"location","ids","area_code"
"Abbots Langley",9046036,1923
"Aberaeron",9045407,1545
"Aberdare",9045381,1685
"Aberdeen","1007293|9046831|9046832|9046833|9046834|9046835|9046836|9046837",1224
"Aberfeldy",9046984,1887
"Abergavenny","1007407|9045378",1873
"Abergele",9045249,1745
"Aberteifi",1007417,1239
"Aberystwyth","1007408|9045409",1970
"Abingdon","1006457|9046124|9046125",1235
"Aboyne",9046843,1339
"Accrington","1006458|9046601",1254
"Acharacle",9046987,1967
"Acle",1006459,1493
"Addlestone","1006460|9045844",1932
"Airdrie",9046976,1236
"Akrotiri and Dhekelia",9070281,"(+357)"
"Alcester","1006461|9045549|9045551",1789
"Alconbury",1006462,1480
"Aldbourne",1006463,1672
"Alderley Edge","1006464|9046450",1625
"Aldermaston",1006465,118
"Alderney",1006453,1481
"Aldershot","1006466|9045759|9045762",1252
"Alexandria","1007294|9046967",1389
"Alford",9044875,1507
"Alfreton","1006467|9046377",1773
"Alloa","1007295|9046907",1259
"Almondsbury",1006468,1454
"Alness",1007296,1349
"Alnwick","1006469|9046754",1665
"Alresford","1006470|9045739",1962
"Alrewas",1006471,1283
"Alton","1006472|9045749",1420
"Altrincham","1006473|9046454|9046455",161
"Ambleside",9046720,15394
"Amersham","1006474|9046062|9046064",1494
"Ammanford",9045391,1269
"Ampthill",1006475,1525
"Andover","1006476|9045729|9045731",1264
"Annan","1007297|9046737",1461
"Antrim","1007270|9045182",28
"Appleby-In-Westmorland",9046711,17683
"Appley Bridge",1006477,1257
"Arbroath","1007298|9046872",1241
"Ardglass",1007271,28
"Armagh","9045186|9045187",28
"Arundel","1006478|9045823",1903
"Ascot","1006479|9046099",1344
"Ash Vale",1006480,1252
"Ashbourne","1006481|9046375",1335
"Ashby-de-la-Zouch","1006482|9046423",1530
"Ashford","1006483|9045108|9045110|9045112|9045113|9045114|9046093|9050358",1233
"Ashington","1006484|9046756",1670
"Ashtead",9045852,1372
"Ashton-Under-Lyne","9046653|9046654|9046655",161
"Aston",1006485,1270
"Atherstone",9045512,1827
"Atherton",1006486,1942
"Attleborough","1006487|9045083",1953
"Auchterarder",9046856,1764
"Aveley",1006488,1708
"Aviemore",9046852,1479
"Avoch",1007299,1381
"Avon",1006489,1249
"Axbridge",9045655,1934
"Axminster",9045335,1297
"Aylesbury","1006490|9046059|9046061|9046065|9046140|9046141",1296
"Aylesford","9045132|9045134",1622
"Bacup",9046598,1706
"Bagillt",9046486,1352
"Bagshot","1006491|9046103",1276
"Bakewell","1006492|9046373",1629
"Bala",9045257,1678
"Baldock","1006493|9046021",1462
"Balerno",9046896,131
"Ballater",9046851,1339
"Ballyclare",9045222,28
"Ballymena","9045180|9045181|9045177",28
"Ballymoney",9045175,28
"Ballynahinch",9045214,28
"Bampton",9045589,1398
"Ballynahinch",9045214,28
"Bampton",9045589,1398
"Banbridge","1007272|9045189",28
"Banbury","9045558|9046135|9046160|1006494",1295
"Banchory",9046840,1330
"Bangor","1007409|9045217|9045218|9045245|1007273",1248
"Banstead","1006495|9045858",1737
"Barking",9044953,20
"Barnard Castle",9046705,1833
"Barnes",9072501,20
"Barnet","9045978|9045982",20
"Barnoldswick",9046589,1282
"Barnsley","9046339|9046340|9046341|9046346|9046347|9046348|1006496",1226
"Barnstaple","1006497|9045297|9045298",1271
"Barrhead",1007301,141
"Barrow-in-Furness","1006498|9046724",1229
"Barry","9045356|9045358|1007410",1446
"Barton-upon-Humber","1006499|9046243",1652
"Basildon","9045012|9045013|9045014|9045019|1006500",1268
"Basingstoke","9045734|9045735|9045741|9045742|9045745|9045748|1006501",1256
"Bath","9045608|9045612|1006502",1225
"Bathgate",9046909,1506
"Batley","1006503|9046330",1924
"Battle",9045121,1424
"Beaconsfield","1006504|9046070",1494
"Beaminster",1006505,1308
"Bebington",1007023,151
"Beccles",9045069,1502
"Beckenham",9045873,20
"Bedale",9046702,1677
"Bedford","1006506|9046026|9046050|9046203|9046204|9046205|9046206",1234
"Bedfordshire",9041097,1234
"Bedlington",9046755,1670
"Bedworth",9046173,24
"Beeston",1006507,115
"Beith",9046920,1505
"Belfast","1007274|9045183|9045198|9045199|9045200|9045201|9045202|9045203|9045204|9045205|9045206|9045207|9045208|9045209|9045210|9045213",28
"Belgravia",9072498,20
"Bellingdon",1006508,1494
"Bellshill","1007302|9046977",1698
"Belper","1006510|9046376",1773
"Belvedere",9044990,20
"Benfleet",9045016,1702
"Bentham",1006797,15242
"Berkeley",1006511,1453
"Berkhamsted","1006512|9046044",1442
"Berkshire",9041092,800
"Berwick-upon-Tweed","1006513|9046878",1289
"Betchworth",9045847,1737
"Betws-Y-Coed",9045248,1690
"Beverley","1006514|9046251",1482
"Bewdley",9045431,1299
"Bexhill-On-Sea","9045117|9045118",1424
"Bexley",9044986,20
"Bexleyheath","9044988|9061000",20
"Bicester","1006515|9046132|9046136",1869
"Bideford","1006516|9045292",1237
"Biggar","1007303|9045231",1899
"Biggleswade","1006517|9046210",1767
"Billericay","1006518|9045007|9045008",1277
"Billingham","1006519|9046796|9046797",1642
"Billingshurst","1006520|9045827",1403
"Bilston",9045481,1902
"Binfield",1006521,1344
"Bingley",9046697,1274
"Birchington","9045058|9045059",1843
"Birchwood",1006522,1522
"Birkenhead","1006523|9046565|9046566",151
"Birmingham","1006524|9045461|9045462|9045464|9045465|9045466|9045469|9045495|9045496|9045497|9045498|9045499|9045500|9045503|9045504|9045507|9045514|9045515|9045516|9045517|9045518|9045527|9045528|9045529|9045530|9045531",121
"Birmingham Airport",9041218,121
"Birstall",1006525,116
"Bishop Auckland","1006526|9046706|9046707",1388
"Bishop's Stortford","1006528|9044918|9044919",1279
"Bishops Cleeve",1006527,1242
"Bishopton",9046962,1505
"Blaby District",1006529,116
"Blackburn","1006530|9046584|9046585|9046602",1254
"Blackheath",1006531,121
"Blackpool","1006532|9046571|9046572|9046575|9046576|9041219",1253
"Blackpool Airport",9041219,1253
"Blackwood",9045374,1495
"Blaenau Ffestiniog",9045247,1766
"Blaenau Gwent",1007432,1495
"Blairgowrie",9046853,1250
"Blakeney",9045641,1594
"Blandford Forum","1006533|9045684",1258
"Blantyre",1007304,1698
"Bletchley",1006534,1908
"Bloxham",1006535,1295
"Blunham",1006536,1767
"Blyth",9046757,1670
"Bo'ness","1007305|9046908",1506
"Bodelwyddan",1007411,1745
"Bodmin","1006537|9045287|9045289",1208
"Bognor Regis","1006538|9045780|9045825",1243
"Boldon Colliery",9061006,191
"Bolton","1006539|9046517|9046521|9046522|9046523|9046606|9046610",1204
"Bonnybridge",9046972,1324
"Boothstown",1006540,161
"Bootle","1006541|9046556|9046559",1229
"Border",9047008,800
"Bordon",9045763,1420
"Borehamwood","1006542|9045972",20
"Boston","1006543|9044874|9044878|9044879",1205
"Bottisham",1006544,1223
"Boughton",1006545,1227
"Bourne","1006546|9046220",1778
"Bourne End","1006547|9046073",1628
"Bournemouth","1006548|9045708|9045709|9045710|9045711|9045712|9045718|9045719|9045720|9045721",1202
"Bourton",1006549,1747
"Bowthorpe",1006550,1603
"Brackley","1006551|9046137",1280
"Bracknell","1006552|9046101|9046102",1344
"Bradford","1006553|9046328|9046329|9046683|9046684|9046685|9046686|9046687|9046688|9046689|9046690|9046691|9046692|9046699|9046700",1274
"Bradford-on-Avon","1006554|9045611",1225
"Braintree","1006555|9045041",1376
"Bramham cum Oglethorpe",1006556,1937
"Brampton","1006557|9046731",1502
"Brandon",9044893,1842
"Brasted",1006558,1959
"Braunton",9045296,1271
"Brechin",9046842,1356
"Brecon","1007412|9045380",1874
"Bredbury",1006559,161
"Brentford","1006560|9045942",20
"Brentwood","1006561|9044927|9045004|9045005",1277
"Bridge of Weir",1007306,1505
"Bridgend","1007413|9045362|9045396|9045397|9060999",1656
"Bridgnorth","1006562|9045432",1746
"Bridgwater","1006563|9045349|9045351|9045661",1278
"Bridlington","9046248|9046249",1262
"Bridport",9045688,1308
"Brierley Hill","1006564|9045453",1384
"Brigg",9046270,1652
"Brighouse",9046679,1484
"Brighton","1006565|9045805|9045807|9045811",1273
"Brill",1006566,1844
"Bristol","1006567|9045613|9045614|9045615|9045616|9045617|9045618|9045619|9045620|9045621|9045622|9045623|9045624|9045625|9045626|9045627|9045628|9045629|9045630|9045631|9045632|9045633|9045634|9045635|9045636|9045637",117
"Bristol Airport",9041220,117
"Bristol Filton Airport",9041225,117
"Brixham",9045329,1803
"Broadbridge Heath",1006568,1403
"Broadstairs","1006569|9045060",1843
"Broadstone",9045722,1202
"Broadway","1006570|9045560",1386
"Brockenhurst","1006571|9045697",1590
"Brodick",1007307,1770
"Bromborough",1006572,151
"Bromley","9044976|9044978",20
"Bromsgrove","1006573|9045459|9045463",1527
"Bromyard",9045424,1885
"Brookmans Park",1006574,1707
"Broseley",1006575,1952
"Brough","1006576|9046259",1482
"Broxbourne","1006577|9044935",1992
"Broxburn",9046905,1506
"Bruton","1006578|9045674|9045675",1749
"Buckie",9046847,1542
"Buckingham","1006579|9046138|9041098",1280
"Buckinghamshire",9041098,800
"Buckley",9045255,1244
"Bucknell",9045415,1547
"Bucksburn",1007308,1224
"Bude","1006580|9045291",1288
"Budleigh Salterton",9045331,1395
"Builth Wells",9045412,1982
"Buntingford","1006581|9044916",1763
"Burford",1006582,1993
"Burgess Hill","1006583|9045810",1444
"Burnham",1006584,1628
"Burnham-On-Crouch",9045038,1621
"Burnham-On-Sea",9045658,1278
"Burnley","1006585|9046594|9046595|9046600",1282
"Burntwood",9045491,1543
"Burry Port",9045404,1554
"Burton-On-Trent","1006586|9046421|9046424|9046425",1283
"Burtonwood",1006587,1925
"Bury","1006588|9046603|9046604|9046605",161
"Bury St. Edmunds","9044889|9044896|9044897|9044898|9044899|1006589",1284
"Bushey","1006590|9045973",20
"Buxton","1006591|9046431",1298
"Byfleet",1006592,1932
"Caddington",1006593,1582
"Caernarfon","1007414|9045246",1286
"Caerphilly","1007415|9045367",29
"Caldicot",9045639,1291
"Callander",9046983,1877
"Callington","1006594|9045306",1579
"Calne","1006595|9045602",1249
"Camberley","1006596|9045753|9045756|9045757",1276
"Camberwell",9072496,20
"Camborne","1006597|9045274",1209
"Cambourne",9050359,1954
"Cambridge","1006598|9044903|9044906|9044907|9044908|9044909|9044910|9044911|9044912|9044913|9044914|9041221|9041099",1223
"Cambridgeshire",9041099,1223
"Camelford",1006599,1840
"Camerton",1006600,1761
"Campbeltown",1007309,1586
"Cannock","1006601|9045486|9045489",1543
"Canterbury","1006602|9045057|9045102|9045103|9045109",1227
"Canvey Island","1006603|9045017",1268
"Capenhurst",1006604,1244
"Cardiff","1007416|9045352|9045353|9045354|9045357|9045370|9045371|9045372|9041222",29
"Cardigan",9045410,1239
"Carlisle","1006605|9046730|9046732|9046734|9046735|9046736",1228
"Carluke",9046912,1555
"Carmarthen","1007418|9045399|9045401",1267
"Carnforth","9046714|9046715",1524
"Carno",1007419,1686
"Carnoustie",9046871,1241
"Carrickfergus","1007275|9045220",28
"Carshalton",9045859,20
"Castle Cary",9045678,1963
"Castle Donington",1006606,1332
"Castle Douglas","1007310|9045230",1556
"Castleford","1006607|9046299",1977
"Castleton",1006608,1287
"Castletown",1007267,1624
"Caterham","1006609|9045868",1883
"Catterick Garrison",9046704,1748
"Cawthorne",1006610,1226
"Central Scotland",9047009,800
"Chalfont Saint Giles",1006611,1494
"Chalgrove",1006612,1865
"Chandler's Ford",1006613,23
"Chapeltown",1006614,113
"Chard","1006615|9045336",1460
"Charing",1006616,1233
"Charlwood",1006617,1293
"Chatham","1006618|9045023|9045024",1634
"Chatteris","9044884|1006619",1354
"Cheadle",9046449,1538
"Cheadle Hulme",1006620,161
"Cheddar",9045669,1934
"Chelmsford","1006621|9044924|9044925|9045009",1245
"Cheltenham","1006622|9045571|9045582|9045584|9045585|9045586",1242
"Chepstow","1007420|9045638",1291
"Chertsey","1006623|9045843",1932
"Chesham","1006624|9046043",1494
"Cheshire",9041090,800
"Cheshunt",1006625,1992
"Chessington",9045854,20
"Chester","1006626|9046483|9046484|9046493|9046494",1244
"Chester Le Street","9046788|9046790",191
"Chesterfield","1006627|9046370|9046371|9046372|9046379|9046387",1246
"Chichester","1006628|9045777|9045778|9045779",1243
"Chigwell","9044938|9044940",20
"Chineham",1006629,1256
"Chinnor","1006630|9046115",1844
"Chippenham","9045605|9045607",1249
"Chipping Campden",9045557,1386
"Chipping Norton","1006631|9045587",1608
"Chipping Sodbury",1006632,1454
"Chislehurst",9044977,20
"Chiswick",9072502,20
"Chorley","1006633|9046524|9046526",1257
"Christchurch","1006634|9045707",1202
"Church Stretton","1006635|9045418",1694
"Cinderford",9045642,1594
"Cirencester","1006636|9045583",1285
"Clacton-on-Sea","1006637|9045051|9045053",1255
"Clapham",1006638,15242
"Cleator Moor",9045239,1946
"Cleckheaton","1006639|9046681",1274
"Cleethorpes","1006640|9044858",1472
"Clevedon","1006641|9045653",1275
"Clifton and Compton",1006642,1335
"Clitheroe",9046586,1200
"Clydebank","1007311|9046965",141
"Coalville","1006643|9046176",1530
"Coatbridge","1007312|9046975",1236
"Cobham",9045849,1932
"Cockermouth",9046727,1900
"Colchester","1006644|9045039|9045042|9045043|9045044|9045045|9045046|9045047",1206
"Coleford","1006645|9045645",1594
"Coleraine","1007276|9045174",28
"Colnbrook",1006646,1753
"Colne",9046592,1282
"Colwyn Bay","1007421|9045250|9045252",1492
"Comberton",9050360,1223
"Compton and Shawford",1006647,1962
"Congleton","1006648|9046446",1260
"Connah's Quay",1007422,1244
"Consett","1006649|9046745",1207
"Conwy","1007423|9045251|9061004",1492
"Cookham",9072510,1628
"Cookham Dean",1006650,1628
"Cookstown","1007277|9045184",28
"Coppingford",1006651,1487
"Coppull",1006652,1257
"Corby","1006653|9046191|9046196",1536
"Cornwall",9041096,800
"Corsham",9045609,1249
"Cosham",1006654,23
"Cottenham","1006655|9050361",1954
"Cottingham",9046258,1482
"Coulsdon",9045861,20
"Coventry","9045520|9045521|9045522|9045523|9046169|9046170|9046171|9046172|1006656",24
"Cowbridge",9045359,1446
"Cowes","1006657|9045789",1983
"Cowley",1006658,1865
"Cradley Heath",9045456,1384
"Craigavon","9045191|9045192|9045193|9045194",28
"Craignure",1007313,1680
"Cramlington","1006659|9046784",1670
"Cranbrook","9045125|9045126",1404
"Cranfield",1006660,1234
"Cranleigh",9045830,1483
"Crawley","1006661|9045865|9045866",1293
"Crediton","1006662|9045301",1363
"Crewe","1006663|9046447|9046460|9046461|9046462",1270
"Crewkerne","1006664|9045689",1460
"Crickhowell",9045379,1873
"Crieff",9046857,1764
"Cromarty",1007314,1381
"Cromer","1006665|9044860",1263
"Crook",9046708,1388
"Crowborough","1006666|9045137",1892
"Crowthorne","1006667|9046104",1344
"Croydon","1006668|9045872",20
"Crumlin",1007424,1495
"Crymych",1007425,1239
"Cullompton",9045337,1884
"Cumbernauld",1007315,1236
"Cumbria",9041111,800
"Cumnock",9045229,1290
"Cupar",9046861,1334
"Cwmbran","1007426|9045650",1633
"Dagenham","9044946|9044950|9044951",20
"Dalbeattie",9045235,1556
"Dale",1007427,1646
"Dalkeith",9046893,131
"Dalton-In-Furness",9046723,1229
"Darlington","1006669|9046799|9046808",1325
"Dartford","1006670|9044984|9044985|9044987",1322
"Dartmouth",9045330,1803
"Darwen","1006671|9046525",1254
"Daventry","1006672|9046157",1327
"Dawlish",9045325,1626
"Deal",9045101,1304
"Deeside",9046485,1244
"Denbigh","1007428|9045253",1745
"Denmead",1006673,23
"Denny",9046971,1324
"Derby","1006674|9046408|9046409|9046410|9046414|9046415|9046416|9046417|9046418|9046419|9046420|9041086",1332
"Derbyshire",9041086,1332
"Dereham","9044864|9044868",1362
"Dersingham",1028786,1485
"Devizes","1006675|9045603",1380
"Devon",1006676,800
"Dewsbury","9046331|9046332",1924
"Didcot","1006677|9046126",1235
"Dinas Powys",9045355,29
"Dingwall",1007316,1349
"Diss","9045070|9045079",1379
"Dodleston",1006678,1244
"Doncaster","1006679|9046266|9046271|9046272|9046273|9046275|9046278|9046279|9046280|9046281|9046282|9046283|9046287",1302
"Dorchester","1006680|9045681|9045686",1305
"Dorking","1006681|9045829",1306
"Dornoch",1007317,1862
"Dorset",9041084,800
"Douglas","1007268|1007318",1555
"Dover","1006682|9045099",1304
"Dowlais",1007429,1685
"Downham",1006683,20
"Downham Market",9044890,1366
"Downpatrick","1007278|9045215",28
"Drayton",1006684,1603
"Driffield",9046250,1377
"Droitwich",9045564,1905
"Droitwich Spa",1006685,1905
"Dromore",9045190,28
"Dronfield",9046366,1246
"Drybrook",9045643,1594
"Dudley","1006686|9045446|9045454|9045455",1384
"Dukinfield",9046651,161
"Dumbarton","1007319|9046964",1389
"Dumfries","1007320|9045232|9045233",1387
"Dunblane",9046982,1786
"Dundee","1007321|9046862|9046863|9046868|9046869|9046870",1382
"Dunfermline","1007322|9046903|9046904",1383
"Dungannon","1007279|9045165|9045185",28
"Dunmow",9044921,1371
"Dunmurry",1007280,28
"Duns","1007323|9046877",1361
"Dunstable","1006687|9046045|9046048",1582
"Durham","1006688|9041100|9046709|9046791|9060166",191
"Durham University",9060166,191
"Dursley",9045579,1453
"Eaglesham",1007324,1355
"Earley",9050362,118
"Earls Court",9072503,20
"East Grinstead","1006689|9045150",1342
"East Kilbride",1007325,1355
"East Markham",1006690,1777
"East Midlands Airport",9041223,800
"East Molesey",9045924,20
"East Of England",9047010,800
"East Riding of Yorkshire",9041094,800
"East Sussex",9041108,800
"Eastbourne","1006692|9045156|9045157|9045158|9045159",1323
"Eastleigh","1006693|9045796|9045803",23
"Eaton Socon",9050363,1480
"Ebbw Vale",9045377,1495
"Edenbridge",9045145,1732
"Edgbaston",1006694,121
"Edgware",9045962,20
"Edinburgh","1007326|9046884|9046885|9046886|9046887|9046888|9046889|9046890|9046891|9046892|9046895|9046897|9046898|9046901|9046902|9041217",131
"Edinburgh Airport",9041217,131
"Edwalton",1006695,115
"Egham","1006696|9046091",1784
"Elgin","1007327|9046848",1343
"Elland",9046680,1422
"Ellesmere",9046476,1691
"Ellesmere Port","1006697|9046492|9046495",151
"Ellon",9046830,1358
"Elstree",1006698,20
"Ely","1006699|9044887|9044888",1353
"Emsworth",9045776,1243
"Enderby",1006700,116
"Enfield","9045985|9046010|9046011",20
"England",20339,800
"Enniskillen","1007281|9045163|9045167",28
"Epping","1006701|9044928",1992
"Epsom","1006702|9045853|9045855|9045856",1372
"Erith",9044989,1322
"Erskine",9046961,141
"Esher","1006703|9045851",1372
"Eskdalemuir",1007328,13873
"Essex",9041107,800
"Etchingham",1006704,1580
"Evercreech",9050364,1749
"Evesham",1006705,1386
"Ewell",1006706,20
"Exeter","1006707|9045302|9045340|9045342|9045343|9045344",1392
"Exminster",1006708,1392
"Exmouth","1006709|9045326",1395
"Eyam",1006710,1433
"Eye",9045071,1379
"Eyemouth",1007329,1890
"Eynsham",1006711,1865
"Fairford",1006712,1285
"Fakenham",9044866,1328
"Falkirk","1007330|9046978|9046979",1324
"Falmer",1006713,1273
"Falmouth","1006714|9045283",1326
"Fareham","1006715|9045773|9045791|9045793|9045795",1329
"Faringdon",9045590,1367
"Farnborough","1006716|9045758|9041224",1252
"Farnborough Airport",9041224,1252
"Farnham","1006717|9045760|9045761",1252
"Farringdon",1006718,20
"Faversham",9045054,1795
"Felixstowe","1006719|9045063",1394
"Felpham",1006720,1243
"Feltham","9045932|9046094",20
"Fenton",1006721,1228
"Ferndown","1006722|9045706",1202
"Ferryhill","1006723|9046792|9046794",1740
"Fife",1007331,1383
"Filey",9046827,1723
"Filleigh",1006724,1598
"Findhorn",1007332,1309
"Findon",1006725,1903
"Fleet","1006726|9045751|9045752",1252
"Fleetwood","1006727|9046577",1253
"Flint",1007430,1352
"Flitwick",1006728,1525
"Folkestone","1006729|9045104|9045105|9045106",1303
"Fordingbridge","1006730|9045703",1425
"Forest Row","1006731|9045151",1342
"Forfar","1007333|9046873",1307
"Forres","1007334|9046850",1309
"Fort William","1007335|9046986",1397
"Foulridge",1006732,1282
"Fraserburgh",9046828,1346
"Frimley",1006733,1276
"Frinton-On-Sea",9045062,1255
"Frodsham",9046499,1928
"Frome","1006734|9045672",1373
"Fulham",9072504,20
"Gainsborough",9046232,1427
"Galashiels",9046879,1896
"Gamlingay",9050365,1767
"Garreg",1007431,1766
"Gateshead","1006736|9046767|9046779|9046787|9046789",191
"Gatwick",9045863,1293
"Gatwick Airport",9041211,1293
"Geddington",1006737,1536
"Gerrards Cross","1006738|9046078",1753
"Gillingham","9045025|9045026|9045676",1634
"Girvan",9045224,1465
"Glasgow","1007336|9046918|9046921|9046922|9046923|9046924|9046925|9046926|9046927|9046928|9046929|9046930|9046931|9046932|9046933|9046934|9046935|9046936|9046937|9046938|9046939|9046940|9046941|9046942|9046943|9046944",141
"Glasgow Airport",9041226,141
"Glasgow Prestwick Airport",9041228,141
"Glastonbury","1006739|9045667",1458
"Glengormley",1007282,28
"Glenrothes","1007337|9046859|9046865",1592
"Glossop","1006740|9046674",1457
"Gloucester","1006741|9045570|9045572|9045573|9045574|9045575|9041087",1452
"Gloucestershire",9041087,800
"Godalming","1006742|9045832|9045833",1483
"Godstone",9045867,1883
"Goole","1006743|9046264",1405
"Gorebridge",1007338,1875
"Gorleston-on-Sea",1006744,1493
"Gosport","9045792|9045794",23
"Gourock","1007339|9046989",1475
"Grange-Over-Sands",9046718,15395
"Grangemouth",9046980,1324
"Grantham","1006745|9046221|9046222|9046223",1476
"Gravesend","1006746|9044998|9044999|9045000",1474
"Grays","1006747|9044993|9044994|9045002",1375
"Great Baddow",1006748,1245
"Great Malvern",1006749,1684
"Great Missenden","1006750|9046063",1494
"Great Yarmouth","1006751|9044854|9045095|9045096",1493
"Greater London",9041106,20
"Greater Manchester",9041112,161
"Greenford","9045966|9045967",20
"Greenhithe",9044995,1322
"Greenock","1007340|9046990",1475
"Grimsby","1006752|9044857|9046237|9046238|9046239|9046240",1472
"Guildford","1006753|9045831|9045834|9045835|9045836|9045837",1483
"Guisborough",9046817,1287
"Haddenham",1006754,1844
"Haddington",9046876,1620
"Hailsham","1006755|9045122",1323
"Halesowen","1006756|9045458|9045460",121
"Halesworth",9045068,1986
"Halifax","1006757|9046666|9046667|9046669",1422
"Halstead",9044901,1787
"Halton",1006758,800
"Hamble-le-Rice",1006759,1489
"Hamilton","1006760|1007341|9046917",1698
"Hampshire",9041095,800
"Hampstead",9072505,20
"Hampton",9045925,20
"Handforth",1006761,1625
"Hanslope",1006762,1908
"Harlech",1007433,1766
"Harleston","1006763|9045094",1379
"Harlow","1006764|9044922|9044929|9044930|9044931",1279
"Harpenden","1006765|9046029",1582
"Harris",1007342,1859
"Harrogate","1006766|9046308|9046309|9046310",1423
"Harrow","9045963|9045968|9045969",20
"Hartlepool","1006767|9046823|9046824",1429
"Harwell",1006768,1235
"Harwich",9045052,1255
"Haslemere",9045767,1428
"Haslingden",1006769,1706
"Hassocks",9045808,1273
"Hastings","1006770|9045120",1424
"Hastingwood",1006771,1279
"Hatfield","1006772|9046015|9046033|9072509",1707
"Havant","1006773|9045775",23
"Haverfordwest","1007434|9045262|9045264",1437
"Haverhill","1006774|9044902",1440
"Hawarden",1007435,1244
"Hawes",1006775,1969
"Hawick",9046733,1450
"Haydock",1006776,1744
"Hayes","9046085|9046086",20
"Hayle","1006777|9045271",1736
"Hayling Island","1006778|9045781",23
"Haywards Heath","1006779|9045153|9045809",1444
"Headley Down",1006780,1428
"Heanor",9046413,1773
"Heathfield",9045124,1435
"Heathfield and Waldron",1006781,1435
"Heathrow Airport",9041212,20
"Hebburn",9046777,191
"Hebden Bridge",9046596,1422
"Heckfield",1006782,118
"Hedge End",1006783,1489
"Helensburgh",9046985,1436
"Helsby",1006784,1928
"Helston","1006785|9045272|9045273",1326
"Hemel Hempstead","1006786|9046039|9046040|9046041",1442
"Hemingford Grey",9050366,1480
"Henfield","1006787|9045813",1273
"Hengoed","1007436|9045369",1443
"Henley-in-Arden","1006788|9045553",1564
"Henley-on-Thames","1006789|9046113",1491
"Hereford","1006790|9045413|9045421|9045422|9045425|9041113",1432
"Herefordshire",9041113,1432
"Herne Bay","1006791|9045056",1227
"Hersham",1006792,1932
"Hertford","1006793|9046014|9046016|9041114",1992
"Hertfordshire",9041114,800
"Hessle",9046269,1482
"Hexham","1006794|9046741|9046742",1434
"Heybridge",1006795,1621
"Heywood","1006796|9046664",1706
"High Peak","9046433|9046434",800
"High Wycombe","1006798|9046066|9046067|9046068|9046069|9046071|9046114",1494
"Highbridge",9045659,1278
"Highgate",9072506,20
"Hildenborough",1006799,1732
"Hillsborough",9045196,28
"Hilton",9050367,1480
"Hinckley","1006800|9046167",1455
"Hindhead","1006801|9045766",1428
"Histon",1006802,1223
"Hitchin","1006803|9046020|9046023|9046024",1462
"Hockley",9045035,1702
"Hoddesdon","1006804|9044933",1992
"Holmes Chapel",1006805,1477
"Holmfirth","1006806|9046672",1484
"Holsworthy",9045293,1409
"Holt",9044865,1263
"Holyhead",9045240,1407
"Holywell",9045242,1352
"Holywood",9045211,28
"Honiton",9045334,1404
"Hook","1006807|9045747|9045750",1256
"Hope Valley",9046432,1433
"Horley",1006808,1293
"Horncastle","1006809|9044877",1507
"Hornchurch","9044948|9044949",1708
"Horningsham",9050368,1985
"Hornsea",9046247,1964
"Horsham","1006810|9045815|9045828",1403
"Horton Kirby and South Darenth",1006811,1322
"Houghton Le Spring",9046762,191
"Hounslow","9045933|9045934|9045935|9045936",20
"Hove","1006812|9045806",1273
"Howden",1006813,1430
"HTV Wales",9047011,800
"HTV West",9047012,800
"Hucknall",1006814,115
"Huddersfield","1006815|9046337|9046670|9046671|9046675|9046676|9046677|9046678",1484
"Hull","1006816|9044856|9046244|9046245|9046246|9046252|9046253|9046254|9046255|9046256|9046257",1482
"Hungerford","1006817|9045599",1488
"Huntingdon","1006818|9044885|9044886|9046208",1480
"Huntly",9046845,1466
"Huyton",1006819,151
"Hyde",9046650,161
"Hythe",9045107,1303
"Ibstock",1006820,1530
"Ilford","9044941|9044943|9044945|9044954",20
"Ilfracombe",9045295,1271
"Ilkeston","1006821|9046412",115
"Ilkley","1006822|9046695",1943
"Ilminster",9045691,1460
"Immingham","1006823|9046242",1469
"Ingatestone",9044926,1277
"Ingham",1006824,1522
"Ingram",1006825,1665
"Inveraray",1007343,1499
"Inverbervie",1007344,1561
"Inverness","1007345|9047001",1463
"Inverurie","1007346|9046839",1467
"Ipswich","1006826|9045048|9045050|9045073|9045074|9045075|9045076|9045077|9045078|9061001",1473
"Irlam",1006827,161
"Irvine","1007347|9046995",1294
"Isle Of Lewis",9046999,1851
"Isle of Man",20340,1624
"Isle of Wight",9041115,1983
"Isleworth",9045930,20
"Iver","1006828|9046088",1753
"Ivybridge",9045317,1752
"Jarrow",9046768,191
"Jedburgh","1007348|9046738",1835
"Johnstone","1007349|9046958|9046959",1505
"Kearsley",1006829,1204
"Keele",1006830,1782
"Kegworth",1006831,1509
"Keighley","1006832|9046590|9046591|9046698",1535
"Keith",9046846,1542
"Kelso","1007350|9046739",1573
"Kempston",1006833,1234
"Kendal","1006834|9046716|9046717",1539
"Kenilworth",1006835,1926
"Kenley",9045869,20
"Kennacraig",1007351,1880
"Kent",9041088,800
"Keswick",9046726,17687
"Kettering","1006837|9046187|9046188|9046195",1536
"Kidderminster","1006838|9045430|9045448|9045450",1562
"Kidlington","1006839|9046131",1865
"Kidsgrove",1006840,1782
"Kilbarchan",1007352,1505
"Kilbirnie",9046991,1505
"Kilbride",1007353,1355
"Kilmacolm",1007354,1505
"Kilmarnock","1007355|9046919|9061002",1563
"Kilwinning","1007356|9046994",1294
"King's Lynn","1006842|9044869|9044870|9044871|9044872",1553
"Kingarth",1007357,1700
"Kings Langley","1006841|9046038|9046080",1923
"Kingsbridge","1006843|9045315",1548
"Kingston",1006844,20
"Kingston Bagpuize with Southmoor",1006845,1865
"Kingston Upon Thames","9045918|9045919",20
"Kingswinford","1006846|9045451",1384
"Kington",9045414,1544
"Kinross","1007358|9046858",1577
"Kirkby",1006847,151
"Kirkby in Ashfield",1006848,1623
"Kirkby Stephen",9046710,17683
"Kirkcaldy","1007359|9046860|9046883",1592
"Kirkintilloch",1007360,141
"Kirkliston",9046900,131
"Kirkwall","1007361|9047005",1856
"Kirmington",1006850,1652
"Kirriemuir",1007362,1575
"Knaresborough",9046307,1423
"Knottingley",9046285,1977
"Knowsley",1006851,151
"Knutsford","1006852|9046452",1565
"Lairg",9047000,1549
"Lakenheath",1006853,1842
"Lambeth",1002316,20
"Lampeter",1007437,1570
"Lanark",9046911,1555
"Lancashire",9041104,800
"Lancaster","1006854|9046579|9046580|9041104",1524
"Lancing","1006855|9045817",1903
"Langford",1006856,1462
"Langley",1006857,1753
"Langport",9045662,1458
"Larbert",9046981,1324
"Largs",9046992,1475
"Larkhall","1007363|9046914",1698
"Larne",9045219,28
"Lasswade",1007364,131
"Launceston","1006858|9045290",1566
"Lawhitton Rural",1006859,1566
"Leafield",1006860,1993
"Leamington Spa","9046161|9046162",1926
"Leatherhead","1006861|9045846|9045848|9045850",1372
"Lechlade",1006862,1367
"Ledbury",9045426,1531
"Lee-on-the-Solent",1006863,23
"Leeds","1006864|9046298|9046300|9046301|9046302|9046304|9046312|9046313|9046314|9046315|9046316|9046317|9046318|9046319|9046320|9046321|9046322|9046323|9046325|9046326|9046694|9061005|9060168|9041210",113
"Leeds Beckett University",9060168,113
"Leeds Bradford Airport",9041210,113
"Leek","1006865|9046439",1538
"Leeming",1006866,1677
"Leicester","1006867|9046166|9046177|9046178|9046179|9046180|9046181|9046182|9046183|9046184|9041102",116
"Leicestershire",9041102,116
"Leigh",9046518,1942
"Leigh-On-Sea",9045036,1702
"Leighton Buzzard","1006868|9046051",1525
"Leiston",9045067,1728
"Lenham",1006869,1622
"Leominster",9045420,1568
"Lerwick",1007365,1595
"Letchworth Garden City",1006870,1462
"Leven",9046866,1333
"Lewes","1006871|9045154|9045155",1273
"Lewknor",1006872,1844
"Leyland","1006873|9046528|9046529",1772
"Lichfield","1006874|9045492|9045508",1543
"Lighthorne",1006875,1926
"Limavady",9045171,28
"Lincoln","1006876|9046218|9046227|9046228|9046229|9046234|9046235|9041085",1522
"Lincolnshire",9041085,1522
"Lindsey",1006877,1449
"Lingfield",9045149,1342
"Linlithgow",9046906,1506
"Liphook","1006878|9045765",1428
"Lisburn","1007283|9045195|9045197",28
"Liskeard","1006879|9045285",1579
"Liss",9045764,1730
"Little Chalfont",1006880,1494
"Little Chesterford",1006881,1799
"Littleborough","9046660|9046661",1706
"Littlebourne",1006882,1227
"Littlehampton","1006883|9045822|9045824",1903
"Littleport",9050369,1353
"Liverpool","1006884|9046496|9046497|9046498|9046537|9046538|9046539|9046540|9046541|9046545|9046546|9046547|9046548|9046549|9046550|9046551|9046552|9046553|9046554|9046555|9046557|9046558|9046560|9046569|9041213",151
"Liverpool John Lennon Airport",9041213,151
"Liversedge",9046682,1924
"Livingston","1007366|9046910",1506
"Llanberis",1007438,1286
"Llandeilo",9045390,1558
"Llandovery",9045389,1550
"Llandrindod Wells","1007439|9045411",1597
"Llandudno",9045244,1492
"Llanelli","1007440|9045402|9045403",1554
"Llangefni","1007441|9045241",1248
"Llangollen",9045258,1978
"Lochinver","1007367|9072515",1571
"Lochmaddy",1007368,1876
"Lochwinnoch",1007369,1505
"Lockerbie","1007370|9045234",1576
"Locks Heath",1006885,1489
"London","1006886|9044936|9044939|9044955|9044956|9044957|9044958|9044959|9044960|9044961|9044962|9044963|9044964|9044965|9044966|9044967|9044968|9044969|9044970|9044973|9044974|9044975|9044991|9045875|9045876|9045877|9044936|9044939|9044955|9044956|9044957|9044958|9044959|9044960|9044961|9044962|9044963|9044964|9044965|9044966|9044967|9044968|9044969|9044970|9044973|9044974|9044975|9044991|9045875|9045876|9045877|9045878|9045879|9045880|9045881|9045882|9045883|9045884|9045885|9045886|9045887|9045888|9045889|9045890|9045891|9045892|9045893|9045894|9045895|9045896|9045897|9045898|9045899|9045900|9045901|9045902|9045903|9045904|9045905|9045906|9045907|9045908|9045909|9045915|9045917|9045939|9045940|9045941|9045943|9045944|9045945|9045946|9045947|9045948|9045949|9045950|9045951|9045952|9045953|9045954|9045955|9045956|9045957|9045958|9045959|9045960|9045961|9045979|9045980|9045981|9045984|9045986|9045987|9045988|9045989|9045990|9045991|9045992|9045993|9045994|9045995|9045996|9045997|9045998|9045999|9046000|9046001|9046002|9046003|9046004|9046005|9046006|9046007|9046008|9046009|9072508",20
"London Colney",1006887,1727
"London Luton Airport",9041214,20
"London Southend Airport",9041229,20
"London Stansted Airport",9041230,20
"London TV Region",9047013,800
"Londonderry","1007284|9045169|9045170",28
"Long Eaton",1006888,115
"Long Stratton",1006890,1508
"Longfield",9044996,1474
"Longniddry",9046882,1875
"Longstanton","1006889|9050370",1954
"Looe",9045284,1503
"Lossiemouth",9046849,1343
"Loughborough","1006891|9046406|9046407|9060165",1509
"Loughborough University",9060165,1509
"Loughton",9044937,20
"Louth","1006892|9044859",1507
"Lowestoft","1006893|9045097|9045098",1502
"Lowick",1006894,1289
"Lowther",1006895,1931
"Ludlow","1006896|9045419",1584
"Lurgan",1007285,28
"Luss",1007371,1436
"Luton","1006897|9046027|9046028|9046046|9046047",1582
"Lutterworth","1006898|9046165",1455
"Lyme Regis","1006899|9045332",1297
"Lymington","1006900|9045694",1590
"Lymm","1006901|9046456",1925
"Lyndhurst","1006902|9045698|9045699",23
"Lyneham",1006903,1249
"Lytchett Matravers",9050371,1202
"Lytham Saint Annes",1007098,1253
"Lytham St. Annes",9046570,1253
"Mablethorpe",9044876,1507
"Macclesfield","1006904|9046437|9046438",1625
"Machynlleth","1007442|9045261",1654
"Maesteg",9045384,1656
"Maghera",9045178,28
"Magherafelt",9045179,28
"Maghull",1006905,151
"Maidenhead","1006906|9046074",1628
"Maidstone","1006907|9045111|9045128|9045129|9045130|9045131",1622
"Maldon","1006908|9045037",1621
"Mallaigmore",1007372,1687
"Malmesbury","1006909|9045606",1666
"Malton","1006910|9046262",1653
"Malvern","9045428|9045429",1684
"Malvern Link",1006911,1684
"Manchester","1006912|9046451|9046453|9046519|9046520|9046607|9046608|9046609|9046611|9046612|9046613|9046614|9046615|9046617|9046618|9046619|9046620|9046621|9046622|9046623|9046628|9046629|9046630|9046631|9046632|9046634",161
"Manchester Airport",9041215,161
"Manningtree","1006913|9045049",1206
"Mansfield","1006914|9046383|9046384|9046385|9046393",1623
"March","1006915|9044882",1354
"Margate",1006916,1843
"Market Drayton",9046464,1630
"Market Harborough","1006917|9046186",1858
"Market Rasen","1006918|9046233|9046241",1673
"Marlborough","1006919|9045600",1672
"Marlow","1006920|9046072",1628
"Marske-by-the-Sea",1006921,1642
"Martock",9045665,1935
"Marylebone",9072507,20
"Maryport",9045236,1900
"Matlock","1006922|9046374",1629
"Mayfair",9072499,20
"Mayfield",9045138,1435
"Melbourn","1006923|9050372",1763
"Melbourne",1006924,1332
"Melksham","1006925|9045604",1225
"Melrose",1007373,1896
"Melton Mowbray","1006926|9046190|9046405",1664
"Meriden",1006927,1676
"Meridian",9047014,800
"Merseyside",9041116,151
"Merthyr Tydfil","1007443|9045376|9045382",1685
"Metropolitan Borough of Kirklees",1006849,1484
"Metropolitan Borough of Sefton",1007059,1704
"Mexborough",9046351,1709
"Middlesbrough","1006928|9046805|9046810|9046818|9046819|9046820|9046821|9046822",1642
"Middlewich",9046458,1606
"Midhurst","1006929|9045768",1730
"Midlands",9047015,800
"Mildenhall",1006930,1638
"Milford",1006931,1785
"Milford Haven",9045263,1646
"Millom",9046725,1229
"Milnthorpe",1006932,15395
"Milton Keynes","1006933|9046049|9046052|9046053|9046054|9046055|9046056|9046057|9046058|9046142|9046143|9046144|9046145|9046146|9046147|9046201|9046202",1908
"Minehead",9045346,1643
"Mirfield","1006934|9046333",1924
"Mitcham",9045910,20
"Mitcheldean",1006935,1594
"Molesey",9050373,20
"Monmouth","1007444|9045646",1600
"Montrose","1007374|9046874",1674
"Moorside",1006936,161
"Morden",9045911,1929
"Morecambe","1006937|9046578|9046722",1524
"Moreton-In-Marsh",9045559,1608
"Morpeth","1006938|9046740|9046753",1670
"Mossley",1006939,1457
"Motherwell","1007375|9046915",1698
"Mountain Ash","1007445|9045366",1443
"Much Wenlock",9045433,1952
"Muir",1007376,1463
"Musselburgh","1007377|9046894",131
"Nantwich","1006940|9046463",1270
"Narberth",9045265,1834
"Neath","1007446|9045386|9045387",1639
"Neilston",1007378,141
"Nelson","1006941|9046593|9046489",1282
"Nettlebed",1006942,1491
"New Herrington",9072513,191
"New Malden",9045916,20
"New Milton","1006943|9045695",1425
"Newark","9046225|9046226|9046230",1636
"Newark-on-Trent",1006944,1636
"Newbridge",9046899,1387
"Newburn",1006945,191
"Newbury","1006946|9045733|9046123",1635
"Newcastle","1007286|9045216|9046443",191
"Newcastle Emlyn",1007447,1239
"Newcastle upon Tyne","1006948|9046743|9046748|9046751|9046752|9046778|9046780|9046781|9046782|9046783|9046785|9046786",191
"Newcastle-under-Lyme",1006947,1782
"Newhaven",9045161,1273
"Newmarket","1006949|9044895",1638
"Newport","1006950|1007448|9045373|9045649|9045651|9045652|9045788|9046471",1239
"Newport Pagnell","1006951|9046148",1908
"Newport-On-Tay",9046864,1382
"Newquay","1006952|9045277",1637
"Newry","1007287|9045176|9045188",28
"Newton Abbot","1006953|9045303|9045321",1626
"Newton Aycliffe","1006954|9046793",1325
"Newton St Boswells",1007379,1835
"Newton Stewart",9045225,1671
"Newton-Le-Willows",9046511,1925
"Newtown","1007449|9045416",1686
"Newtown Saint Boswells",9072514,1835
"Newtownabbey","1007288|9045221|9045223",28
"Newtownards","1007289|9045212",28
"Norfolk",9041117,800
"Normanton",9046343,1924
"North Berwick","1007380|9046875",1620
"North East",9047016,800
"North Scotland",9047017,800
"North Shields","1006955|9046774",191
"North Tawton",9045300,1837
"North Turton",1006509,1204
"North Tyneside District",1006956,800
"North Walsham","1006957|9044861",1692
"North West",9047018,800
"North Yorkshire",9041091,800
"Northallerton","1006958|9046806|9046807",1609
"Northampton","1006959|9046150|9046151|9046152|9046153|9046154|9046155|9046156|9041118",1604
"Northamptonshire",9041118,800
"Northern Ireland",20341,28
"Northfleet",1006960,1474
"Northowram",1006962,1422
"Northumberland",9041119,800
"Northwich","1006963|9046457|9046503",1606
"Northwood",9046081,1923
"Norwich","1006964|9044855|9044862|9044863|9045080|9045081|9045082|9045084|9045085|9045086|9045087|9045088|9045089|9045090|9045091|9045092|9045093|9041227",1603
"Norwich International Airport",9041227,1603
"Nottingham","1006965|9046224|9046380|9046381|9046382|9046392|9046394|9046395|9046396|9046397|9046398|9046399|9046400|9046401|9046402|9046403|9046404|9046411|9041105",115
"Nottinghamshire",9041105,115
"Nuneaton","1006966|9045513|9046168|9046174",24
"Oakham","1006967|9046189",1572
"Oban",9046988,1631
"Odiham",1006968,1256
"Oldbury","1006969|9045467|9045471",121
"Oldham","1006970|9046633|9046656|9046657|9046658|9046659|9046673",161
"Olney","1006971|9046200",1234
"Omagh","1007290|9045164|9045166",28
"Ongar",9044923,1277
"Orkney",9047003,1856
"Ormskirk","1006972|9046533|9046536",1695
"Orpington","9044980|9044981",1689
"Ossett",9046335,1924
"Oswestry","1006973|9045259|9046479",1691
"Otley",9046311,1943
"Ottery St. Mary",9045341,1404
"Oundle",1006974,1832
"Overseal",1006975,1283
"Oxenhope",9072512,1535
"Oxford","1006976|9046120|9046127|9046128|9046129|9046130|9046133|9041120",1865
"Oxfordshire",9041120,1865
"Oxted","1006977|9045148",1883
"Padstow",9045275,1841
"Paignton","1006978|9045322|9045328",1803
"Paisley","1007381|9046955|9046956|9046957",141
"Pangbourne",1006979,118
"Par",9045286,1726
"Peacehaven",9045162,1273
"Peckleton",1006980,1455
"Peebles","1007382|9046880",1721
"Pembroke","9045266|9045267",1646
"Penarth",1007450,29
"Penicuik",9046881,1968
"Penrith","1006981|9046712|9046729",1768
"Penryn",9045282,1326
"Penshaw",1006982,191
"Penzance","1006983|9045268|9045269",1736
"Pershore",9045561,1386
"Perth","1007383|9046854|9046855",1738
"Peterborough","1006984|9044883|9046193|9046212|9046213|9046214|9046215|9046216",1733
"Peterhead",9046829,1779
"Peterlee","1006985|9046758",191
"Petersfield","1006986|9045769|9045770",1730
"Petworth","1006987|9045826",1798
"Pewsey",9045601,1672
"Pickering",9046812,1751
"Pinner",9045970,20
"Plymouth","1006988|9045308|9045310|9045311|9045312|9045313|9045314|9045319|9045320|1006989",1752
"Pocklington",1006990,1759
"Pontefract","1006991|9046284|9046344|9046345",1977
"Pontyclun","1007451|9045360",1443
"Pontypool","1007452|9045648",1495
"Pontypridd","1007453|9045361|9045365",1443
"Poole","1006992|9045713|9045714|9045715|9045716|9045717|9045723",1202
"Poplar",1006993,20
"Port Ellen",1007384,1496
"Port Glasgow",9046963,1475
"Port Talbot","1007454|9045383|9045385",1639
"Portadown",1007291,28
"Porth",9045363,1443
"Porthcawl","1007455|9045395",1656
"Porthleven",1006994,1326
"Portland",1006995,1305
"Portlethen",1007385,1224
"Portree","1007386|9046998",1478
"Portrush",9045173,28
"Portsmouth","1006996|9045774|9045783|9045784|9045785",23
"Portstewart",9045172,28
"Potters Bar","1006997|9045983",1707
"Poulton-Le-Fylde",9046573,1253
"Prenton","1006998|9046563",151
"Prescot","1006999|9046542|9046544",151
"Prestatyn",9045243,1745
"Preston","1007000|9046527|9046534|9046581|9046582|9046583",1305
"Prestwick","1007387|9046997",1292
"Princes Risborough","1007001|9046139",1844
"Prudhoe",9046746,1661
"Pudsey","1007002|9046327",113
"Pulborough",9045816,1798
"Purfleet",1007003,1708
"Pwllheli",1007456,1758
"Radlett","1007004|9045977",1923
"Radstock",9045670,1761
"Rainham",9044952,1634
"Rainhill",1007005,151
"Ramsey",1007269,1255
"Ramsgate","1007006|9045061",1843
"Ranfurly Castle Golf Club",1007388,1505
"Rassau",1007457,1495
"Raunds",9050374,1933
"Rawtenstall",1007007,1706
"Rayleigh","1007008|9045015",1268
"Reading","1007009|9045744|9045746|9046107|9046108|9046109|9046110|9046111|9046112|9046117|9046121",118
"Redcar","1007010|9046815|9046816",1642
"Redditch","1007011|9045546|9045547",1527
"Redhill","1007012|9045864",1737
"Redruth","1007013|9045280|9045281",1209
"Reigate","1007014|9045862",1737
"Renfrew","1007389|9046960",141
"Retford","1006691|9046231",1777
"Rhondda",1007458,1443
"Rhyl",9045254,1745
"Richmond","1007015|9045927|9045928|9046703",1748
"Rickmansworth","1007016|9046042",1923
"Ringwood",9045696,1425
"Ripley",9046378,1773
"Ripon","1007017|9046701",1765
"Risley",1007018,1332
"Riverhead",1007019,1732
"Robertsbridge",9045123,1580
"Rochdale","1007020|9046662|9046663",1706
"Rochester","1007021|9045020|9045021|9045022",1634
"Rochford","1007022|9045034|9044942|9044944|9044947|9045006",1702
"Romsey","1007024|9045700",1794
"Roslin",1007390,131
"Ross-on-Wye","1007025|9045644",1989
"Rossendale",9046599,1706
"Rosyth",1007391,1383
"Rotherham","1007027|9046276|9046349|9046350|9046352|9046353|9046354",1709
"Rowlands Gill","1007028|9046749",1207
"Rowley Regis","1007029|9045470",121
"Royal Borough of Kensington and Chelsea",1006836,20
"Royal Leamington Spa",1007030,1926
"Royal Tunbridge Wells",1007031,1892
"Royal Wootton Bassett",1007255,1793
"Royston","1007032|9044915|9050375",1226
"Rugby","1007033|9046158|9046163|9046164",1788
"Rugeley","1007034|9046427",1889
"Ruislip",9046084,1895
"Runcorn","1007035|9046501",1928
"Ruscombe",1007036,118
"Rushden","1007037|9046199",1933
"Rusper",1007038,1293
"Rustington",1007039,1903
"Rutherglen",1007392,141
"Ruthin","1007459|9045256",1824
"Rutland",9041121,1572
"Ryde","1007040|9045787",1983
"Rye",9045116,1797
"Ryton",9046750,191
"Saffron Walden","1007041|9044904|9044905",1799
"Saint Albans",1007097,1727
"Saint Andrews",1007395,1334
"Saint Austell",1007099,1726
"Saint Boswells",1007396,1835
"Saint Helens",1007100,1744
"Saint Ives",1007101,1736
"Saint Neots",1007102,1480
"Saint Peter Port",1006455,1481
"Sale","1007042|9046616",161
"Salford","1007043|9046624|9046625|9046626|9046627",161
"Salisbury","1007044|9045702|9045724|9045725|9045727|9045728",1722
"Saltaire",1007045,1274
"Saltash",9045305,1752
"Saltburn-by-the-Sea","1007046|9046814",1287
"Saltcoats",9046993,1294
"Sandbach","1007047|9046459",1270
"Sandbank",1007393,1369
"Sandhurst",9045755,1344
"Sandwell District",1007048,800
"Sandwich","1007049|9045100",1304
"Sandwick",1007394,1806
"Sandy","9046209|9050376",1767
"Sawbridgeworth",1007050,1279
"Sawtry",1007051,1487
"Saxmundham","1007052|9045066",1728
"Scampton",1006735,1522
"Scarborough","1007053|9046825|9046826",1723
"Scole",1007054,1379
"Scotland",20342,800
"Scunthorpe","1007055|9046265|9046267|9046268",1724
"Seaford","1007056|9045160",1323
"Seaham",9046759,191
"Seal",1007057,1732
"Sedbergh",9046713,15396
"Sedlescombe",1007058,1424
"Selby",9046286,1757
"Settle",9046588,1729
"Sevenoaks","1007060|9044983|9044997|9045144",1732
"Shaftesbury","1007061|9045683",1747
"Shawbury",1007062,1939
"Sheerness","1007063|9045029",1795
"Sheffield","1007064|9046277|9046338|9046355|9046356|9046357|9046358|9046359|9046360|9046361|9046362|9046363|9046364|9046365|9046367|9046368|9046369|9046388|9046389|9046390",114
"Shefford","9046025|9050377",1462
"Shepperton","1007065|9046095",1932
"Shepreth",1007066,1763
"Shepshed",1007067,1509
"Shepton Mallet","1007068|9045671",1749
"Sherborne",9045677,1935
"Sherburn Village",1007069,191
"Shetland","9047006|9047007",800
"Shifnal",9045435,1952
"Shipley","1007070|9046693|9046696",1274
"Shipston-on-Stour","1007071|9045552|9045556",1608
"Shoreham-By-Sea",9045812,1273
"Shrewsbury","1007072|9045417|9045434|9046474|9046477|9046478",1743
"Shropshire",9041093,800
"Sidcup",9044972,20
"Sidmouth","1007073|9045333",1395
"Silchester",1007074,118
"Silverstone",1007075,1327
"Sittingbourne","1007076|9045027|9045028",1795
"Skegness",9044873,1754
"Skelmersdale","1007077|9046532",1695
"Skipton","1007078|9046587",1756
"Sleaford","1007079|9046219",1529
"Slough","1007080|9046075|9046076|9046077",1753
"Smethwick","1007081|9045468|9045473",121
"Soham",9050378,1353
"Solihull","1007082|9045519|9045524|9045525|9045526",121
"Somercotes",1007083,17773
"Somerset",9041101,800
"Somersham",9050379,1487
"Somerton",9045664,1458
"Soulbury",1007084,1525
"South Bank",1007085,1642
"South Brent","9045316|9045318",1364
"South Cerney",1007086,1285
"South Croydon",9045871,20
"South Mimms",1007087,1707
"South Molton",9045299,1769
"South Ockendon",9044992,1708
"South Petherton",9045690,1460
"South Shields","9046771|9046776",191
"South Tyneside",1007088,800
"South West",9047019,800
"South Yorkshire",9041122,800
"Southall","9045937|9045938",20
"Southam",9046159,1926
"Southampton","1007089|9045701|9045740|9045790|9045797|9045798|9045799|9045800|9045801|9045802|9045804|9041216",23
"Southampton Airport",9041216,23
"Southend-on-Sea","1007091|9045030|9045031|9045033",1702
"Southport","1007092|9046535|9046568",1704
"Southsea","1007093|9045782|9045786",23
"Southwell",9046391,1636
"Sowerby Bridge",9046665,1422
"Spalding","1007094|9044880|9046217",1775
"Spennymoor",1007095,1388
"Spilsby",1007096,1790
"St Helier",1006454,20
"St Saviour",1006456,1481
"St. Albans","9046030|9046031|9046034|9046035",1727
"St. Andrews",9046867,1334
"St. Austell",9045288,1726
"St. Helens","9046510|9046513|9046543",1744
"St. Ives","9045270|9046211",1736
"St. Leonards-On-Sea",9045119,1424
"St. Neots",9046207,1480
"Stafford","1007103|9045442|9046428|9046429|9046465|9046466|9046470|9041103",1785
"Staffordshire",9041103,800
"Staines-upon-Thames","1007104|9046090|9046092",1784
"Stalybridge","1007105|9046652",161
"Stamford","1007106|9046192",1780
"Stanford-Le-Hope",9045018,1375
"Stanley",9046747,1207
"Stanmore",9045971,20
"Stanstead Abbotts",1007107,1920
"Stansted",9044920,1279
"Stansted Mountfitchet",1007108,1279
"Stanwell",1007109,1784
"Stapleford",1007110,115
"Staplehurst",1007111,1580
"Staverton",1007112,1803
"Stevenage","1007113|9046019|9046022",1438
"Steyning","1007114|9045814",1903
"Stirling","1007397|9046968|9046969|9046970",1786
"Stock",1007115,1277
"Stockbridge","1007116|9045730",1264
"Stockley",1007117,1249
"Stockport","1007118|9046435|9046436|9046448|9046644|9046645|9046646|9046647|9046648",161
"Stocksfield",9046744,1661
"Stockton-on-Tees","1007119|9046795|9046798|9046800|9046801|9046802|9046803",1642
"Stoke Gifford",1007120,117
"Stoke Poges",1007122,1753
"Stoke-on-Trent","1007121|9046430|9046440|9046441|9046442|9046444|9046445|9046468|9046469",1782
"Stokesley",1007123,1642
"Stone",9046467,1296
"Stonehaven",9046841,1569
"Stonehouse","1007398|9045576",1453
"Stony Stratford",1007124,1908
"Stornoway",1007399,1851
"Stotfold",9050380,1462
"Stourbridge","1007125|9045447|9045452|9045457",1384
"Stourport-on-Severn","1007126|9045449",1299
"Stowmarket","1007127|9045072",1449
"Strabane","1007292|9045168",28
"Stranraer",9045226,1776
"Stratford-upon-Avon",1007128,1789
"Strathaven",9046916,1357
"Street",9045663,1458
"Stroud","1007129|9045577|9045578",1453
"Studley","1007130|9045548",1527
"Sturminster Newton",9045682,1258
"Sudbury",9044900,1283
"Suffolk",1007131,800
"Sunbury-on-Thames","1007132|9046096",1932
"Sunderland","1007133|9046760|9046761|9046763|9046766|9046769|9046770",191
"Sunninghill",1007134,1344
"Surbiton","9045920|9045921",20
"Surrey",9041123,800
"Sutton","1007135|9045857|9045912|9045913",1260
"Sutton Coldfield","1007136|9045501|9045502|9045505|9045506",121
"Sutton Courtenay",1007137,1235
"Sutton-in-Ashfield",1007138,1623
"Swadlincote","1007139|9046175|9046422",1283
"Swaffham",9044891,1760
"Swallowfield",1007140,118
"Swanage",9045693,1929
"Swanley","1007141|9044982",1322
"Swanmore",1007142,1489
"Swansea","1007460|9045388|9045392|9045393|9045394|9045398|9045405|9045406",1792
"Swavesey","1007143|9050381",1954
"Swindon","1007144|9045591|9045592|9045593|9045594|9045595|9045596|9045597",1793
"Tadcaster","1007145|9046297",1937
"Tadley",9045743,118
"Tadworth","1007146|9045860",1737
"Talbot Green",1007461,1443
"Tamworth","1007147|9045509|9045510|9045511",1827
"Tarbert",1007400,1859
"Tarfside",1007401,1356
"Tarporley",9046502,1829
"Tattenhall",1007148,1829
"Taunton","1007149|9045345|9045348|9045350",1823
"Tavistock",9045304,1822
"Teddington","1007150|9045926|9045324",20
"Telford","1007151|9045436|9045437|9045438|9046472|9046473",1952
"Templecombe",1007152,1963
"Tenbury Wells",9045423,1584
"Tenby",1007462,1834
"Tenterden",9045115,1580
"Tetbury","1007153|9045581",1666
"Tewkesbury","1007154|9045562",1684
"Thame","1007155|9046119",1844
"Thames Ditton","1007156|9045922",20
"Thanet District",1007157,800
"Thatcham","1007158|9046122",1635
"Theale",1007159,118
"Thetford","1007160|9044892|9044894",1842
"Thirsk","1007161|9046809",1845
"Thornbury",1007162,1454
"Thornton Heath",9045874,20
"Thornton-Cleveleys",9046574,1253
"Thorpe-le-Soken",1007163,1255
"Thrapston",1007164,1832
"Thurrock",1007165,800
"Thurso",9047002,1847
"Tidworth",9045732,1980
"Tilbury","1007166|9045001",1375
"Tipton","1007167|9045475",121
"Tiptree",1007168,1621
"Titchfield",1007169,1329
"Tiverton","1007170|9045339",1884
"Todmorden",9046597,1706
"Tonbridge","1007171|9045127|9045142|9045143",1732
"Tonypandy",9045364,1443
"Torbay",1007172,800
"Torpoint",9045309,1752
"Torquay","1007173|9045323|9045327",1803
"Torrington",9045294,1805
"Totton",9050382,23
"Totton and Eling",1007174,238
"Towcester","1007175|9046149",1327
"Tranmere",1007176,151
"Tredegar",9045375,1495
"Tregaron",9045408,1974
"Treharris",9045368,1443
"Tring","1007177|9046060",1442
"Trinity",1007402,1534
"Troon",9046996,1292
"Trowbridge","1007178|9045610",1225
"Truro","1007179|9045278|9045279|9061007",1872
"Tunbridge Wells","9045135|9045139|9045140|9045141",1892
"Turriff",9046844,1888
"Tuxford",1007180,1777
"Twickenham","9045929|9045931",20
"Tyne and Wear",9041124,800
"Tywyn",1007463,1654
"Uckfield","1007181|9045152",1825
"Uddingston",1007403,1698
"Uig",1007404,1470
"Ullapool",1007405,1854
"Ulster",9047020,800
"Ulverston",9046721,1229
"United Kingdom",2826,800
"University of Birmingham",9060164,121
"University of Cambridge",9060160,1223
"University of Kent",9060167,800
"University of Oxford",9060161,1865
"University of Reading",9060162,118
"University of Warwick",9060163,1926
"Upminster",9045003,1708
"Upper Heyford",1007182,1869
"Uppingham",1007183,1572
"Usk",9045647,1291
"Uttoxeter","1007184|9046426",1889
"Uxbridge","9046079|9046082|9046083|9046089",1895
"Verwood",9045704,1202
"Virginia Water","1007185|9046097",1344
"Wadebridge",9045276,1208
"Wadhurst","1007186|9045136",1892
"Wainfleet All Saints",1007187,1754
"Wakefield","1007188|9046324|9046334|9046336|9046342",1924
"Wales",20343,800
"Wallasey","1007189|9046561|9046564",151
"Wallingford","1007190|9046118",1491
"Wallington","1007191|9045870",20
"Wallsend",9046775,191
"Walsall","1007192|9045477|9045478|9045487|9045488|9045490|9045493|9045494",1922
"Waltham Abbey",9044934,1992
"Waltham Cross","1007193|9046012|9046013",1992
"Walton-le-Dale",1007194,1772
"Walton-on-Thames","1007195|9045923",1932
"Wantage","1007196|9045598",1235
"Wardley",1007197,191
"Ware","1007198|9044917|9044932",1920
"Wareham",9045685,1929
"Warlingham",9045147,1883
"Warminster","1007199|9045673",1985
"Warrington","1007200|9046505|9046506|9046507|9046508|9046509",1925
"Warwick","1007201|9045554|9045555|9041125",1926
"Warwickshire",9041125,800
"Washington","1007202|9046764|9046765",191
"Watchet",9045347,1984
"Waterlooville","1007203|9045771|9045772",23
"Watford","1007204|9045974|9045975|9045976|9046037",1923
"Watlington",9046116,1491
"Watton",1007205,1377
"Weaverham",1007206,1606
"Wedmore",9045660,1934
"Wednesbury","9045476|1007207",121
"Welling",9044971,20
"Wellingborough","1007208|9046194|9046197|9046198",1933
"Wellington",9045338,1823
"Wells",9045668,1749
"Wells-Next-The-Sea",9044867,1328
"Welshpool",9045260,1938
"Welwyn","1007209|9046017|9046018",1438
"Welwyn Garden City",9046032,1707
"Wembley","1007210|9045964|9045965",20
"Wendover",1007211,1296
"West Bromwich","1007212|9045472|9045474",121
"West Byfleet",9045842,1932
"West Drayton",9046087,1895
"West Kirby",1007213,151
"West Lothian",1007406,800
"West Malling","1007214|9045133",1732
"West Midlands",9041126,800
"West Moors",1007215,1202
"West Sussex",9041127,800
"West Wickham",9044979,20
"West Yorkshire",9041128,800
"Westbury",9045726,1373
"Westcliff-on-Sea","1007216|9045032",1702
"Westerham","1007217|9045146",1959
"Westhill",9046838,1224
"Westhoughton",1007218,1942
"Westminster",9072497,20
"Weston-super-Mare","1007219|9045654|9045656|9045657",1934
"Wetherby","1007220|9046303|9046305",1937
"Weybridge","1007221|9045845",1932
"Weymouth","1007222|9045687|9045692",1305
"Wheathampstead",1007223,1582
"Whitby",9046813,1947
"Whitchurch","1007224|9046475",1256
"Whitechapel",9072495,20
"Whitehaven","1007225|9045238",1946
"Whitland",9045400,1994
"Whitley Bay","9046772|9046773",191
"Whitstable","1007226|9045055",1227
"Wick",9047004,1656
"Wicken",1007227,1353
"Wickford","1007228|9045010|9045011",1268
"Widnes","1007229|9046500",151
"Wigan","1007230|9046512|9046514|9046515|9046516|9046530|9046531",1942
"Wigston",9046185,116
"Wigton",9046728,16973
"Willenhall","1007231|9045479|9045480|9045483",1902
"Willerby",9050383,1482
"Willersey",1007232,1386
"Willingham",1007233,1954
"Wilmslow",1007234,1625
"Wiltshire",9041089,800
"Wimbledon",9072500,20
"Wimborne",9045705,1202
"Wimborne Minster",1007235,1202
"Winchcombe",1007236,1242
"Winchester","1007237|9045736|9045737|9045738",1962
"Windermere","1007238|9046719",15394
"Windlesham",9046098,1276
"Windsor","1007239|9046100",1753
"Wingerworth",1007240,1246
"Winnersh",1007241,118
"Winsford","1007242|9046504",1606
"Wirral","9046487|9046488|9046490|9046491|9046562|9046567",151
"Wisbech",9044881,1945
"Wishaw",9046913,1698
"Witham","1007243|9045040",1376
"Withington",1007244,1242
"Witney","1007245|9045588|9046134",1993
"Woking","1007246|9045838|9045839|9045840|9045841",1483
"Wokingham","1007247|9046105|9046106",118
"Wollaston",1007248,1933
"Wolverhampton","1007249|9045439|9045440|9045441|9045443|9045444|9045445|9045482|9045484|9045485",1902
"Wombourne",1007250,1902
"Wombwell",1007251,1226
"Woodbridge","1007252|9045064|9045065",1394
"Woodford",9050384,20
"Woodhall Spa",9046236,1526
"Woodley","1007253|9050385",118
"Woodside",1007254,20
"Woolwich",9072494,20
"Worcester","1007256|9045427|9045550|9045563|9045565|9045566|9045567|9045568|9045569",1905
"Worcester Park",9045914,20
"Worcestershire",9041129,1905
"Workington","1007257|9045237",1900
"Worksop","1007258|9046274|9046386",1909
"Worsley",9072511,161
"Worthing","1007259|9045818|9045819|9045820|9045821",1903
"Wotton-under-Edge","1007260|9045580",1453
"Wrexham","1007464|9046480|9046481|9046482",1978
"Wymondham",1007261,1572
"Yalding",1007262,1622
"Yarm","1007263|9046804",1642
"Yateley","1007264|9045754",1252
"Yelverton",9045307,1822
"Yeovil","1007265|9045666|9045679|9045680",1935
"York","1007266|9046260|9046261|9046263|9046288|9046289|9046290|9046291|9046292|9046293|9046294|9046295|9046296|9046306|9046811|9061008|9047021",1904
"Yorkshire",9047021,800
"Ystrad Mynach",1007465,1443
